CREATE TABLE TiposClientes (
	ID_TipCliente INT AUTO_INCREMENT NOT NULL PRIMARY KEY,
	NOMBRE VARCHAR(50) NOT NULL
);
CREATE TABLE tiposCuenta (
	ID_TipCuenta INT AUTO_INCREMENT NOT NULL PRIMARY KEY,
	Nombre VARCHAR(50) NOT NULL
);
CREATE TABLE MarcasTarjeta (
	ID_MarTarjeta INT AUTO_INCREMENT NOT NULL PRIMARY KEY,
	Nombre VARCHAR(50) NOT NULL
);
--INSENTAR VALORES PARA LOS TIPOS DE cuenta
INSERT INTO TiposClientes (ID_TipCliente,Nombre) VALUES
(1,'Classic'),
(2,'Gold'),
(3,'Black');

-- Insertar valores para los tipos de cuenta
INSERT INTO TiposCuenta (ID_TipCuenta,Nombre) VALUES
(1,'Caja de ahorro en peso'),
(2,'Caja de ahorro en dólares'),
(3,'Cuenta Corriente en pesos'),
(4,'Cuenta Corriente en dólares'),
(5,'Cuenta Inversión');
--INSERTAR VALORES PARA LAS MARCAS DE TARJETA
INSERT INTO MarcasTarjeta (ID_MarTarjeta,Nombre) VALUES
(1,'Mastercard'),
(2,'VISA'),
(3,'American Express (Amex)');
--CREAR ENTIDAD TARJETA
	
CREATE TABLE Tarjeta_Nueva (
    ID_Tarjeta INT AUTO_INCREMENT PRIMARY KEY,
    Numero VARCHAR(20) NOT NULL ,
    CVV VARCHAR(4) NOT NULL,
    FechaOtorgamiento VARCHAR(20) NOT NULL,
    FechaExpiracion VARCHAR(20) NOT NULL,
    ID_Customer INT,
	ID_MarTarjeta INT,
    FOREIGN KEY (ID_Customer) REFERENCES Cliente(customer_id)
	FOREIGN KEY (ID_MarTarjeta) REFERENCES MarcasTarjeta(ID_MarTarjeta)
);
DROP TABLE Tarjeta;
ALTER TABLE Tarjeta_Nueva RENAME TO Tarjeta;


INSERT INTO Tarjeta(`ID_Tarjeta`,`Numero`,`CVV`,`FechaOtorgamiento`,`FechaExpiracion`,`ID_Customer`,`ID_MarTarjeta`)
VALUES

  (1,"649955 958748 7356","610","08/28/2023","07/23/2029",493,3),
  (2,"676229 26 4822 7837 459","976","01/20/2024","05/17/2032",475,2),
  (3,"670617 539167 2650","359","10/25/2024","10/07/2030",143,1),
  (4,"2014 975373 24779","864","02/20/2023","01/30/2031",232,2),
  (5,"4532 8279 8842 4482","800","10/22/2023","03/25/2031",438,3),
  (6,"305111966396894","831","03/13/2023","02/02/2029",355,2),
  (7,"3775 549897 86158","950","03/02/2024","06/14/2030",284,3),
  (8,"201454397755535","187","09/22/2023","11/30/2028",143,2),
  (9,"303222446685368","847","08/02/2024","04/29/2031",298,1),
  (10,"633486 77 6417 8442 562","745","07/10/2024","07/12/2030",186,1),

  (11,"56445665148755","522","10/20/2023","03/28/2029",221,1),
  (12,"365619676595347","161","04/09/2024","01/17/2032",365,2),
  (13,"670613 363583 2457","260","04/15/2023","12/05/2028",340,1),
  (14,"67613872667423","955","05/20/2024","03/03/2030",87,2),
  (15,"491 67294 71155 530","894","04/15/2023","06/30/2030",321,1),
  (16,"491343 224656 7245","949","05/04/2024","06/07/2030",439,3),
  (17,"214923447242483","595","02/29/2024","12/22/2028",217,3),
  (18,"455 16835 36441 866","871","03/21/2023","04/18/2030",290,1),
  (19,"654367 776955 6669","146","10/15/2023","09/22/2028",294,2),
  (20,"490568221158946730","459","12/02/2022","03/01/2032",255,2),

  (21,"5641822628145873","220","03/21/2023","11/20/2030",490,1),
  (22,"670683676338649180","487","08/03/2023","04/21/2031",359,2),
  (23,"5595442744237680","361","04/06/2023","06/01/2031",47,3),
  (24,"448 58863 96863 167","162","04/07/2024","07/11/2030",406,1),
  (25,"304454658718640","266","10/09/2024","02/23/2031",279,2),
  (26,"670635 76 8197 7226 572","622","07/18/2024","01/31/2030",453,2),
  (27,"6304218266522435317","319","12/31/2023","04/12/2029",147,1),
  (28,"201432934673452","868","07/10/2023","02/02/2032",390,3),
  (29,"564182 225394 8278","723","01/26/2024","01/07/2030",10,3),
  (30,"491746 8655994641","650","09/24/2024","01/11/2029",429,2),

  (31,"367658757854262","907","06/30/2024","05/25/2031",180,1),
  (32,"5646417373334824193","181","03/04/2024","01/23/2032",432,1),
  (33,"6334 2797 4828 3821","526","09/13/2024","04/20/2031",173,3),
  (34,"363331545564619","388","09/10/2023","05/10/2032",479,2),
  (35,"3022 284184 25569","865","12/24/2022","09/16/2030",116,3),
  (36,"417500 337467 3882","511","02/29/2024","05/07/2031",328,2),
  (37,"4026 5424 9368 5682","634","07/05/2024","10/18/2031",91,1),
  (38,"2014 483833 57439","350","05/14/2024","01/26/2029",61,2),
  (39,"6706255695445993","240","03/19/2023","08/21/2030",283,3),
  (40,"344178229277768","363","05/27/2023","10/20/2031",381,2),

  (41,"630487 575672 5565","801","10/22/2023","11/25/2030",44,2),
  (42,"490574 7516583212","657","06/17/2024","12/08/2030",404,2),
  (43,"633 47279 87732 486","673","04/15/2024","09/25/2028",11,2),
  (44,"490391 2621732672","423","08/31/2024","07/21/2029",285,1),
  (45,"67068249283865971","576","06/21/2024","07/16/2032",200,3),
  (46,"345577453843485","841","06/21/2023","12/30/2029",375,3),
  (47,"4936 6152 7549 8265","970","10/11/2024","11/30/2031",451,2),
  (48,"548 96477 34588 632","499","09/20/2023","02/22/2029",462,3),
  (49,"372584676278776","746","08/26/2023","07/16/2032",447,2),
  (50,"67711627757573554","736","01/14/2023","08/26/2030",15,3),

  (51,"3695 457463 88254","842","03/01/2024","05/30/2030",439,3),
  (52,"675988 448343 6272","561","12/03/2023","06/28/2031",455,3),
  (53,"552284 9379251943","631","07/26/2024","11/22/2030",194,2),
  (54,"646534 658636 2628","434","07/04/2023","06/22/2029",274,2),
  (55,"588 15948 71733 577","414","02/09/2023","08/09/2031",244,2),
  (56,"4508656627649328","132","10/17/2024","09/16/2031",324,2),
  (57,"4539 218 66 8286","892","06/03/2024","08/14/2031",265,2),
  (58,"484435 588741 4118","824","11/11/2022","12/14/2030",56,1),
  (59,"6453288236243226","424","09/27/2023","07/11/2031",225,2),
  (60,"6449486671613427","385","02/03/2024","07/07/2032",459,1),

  (61,"630458 25 8884 8224 481","826","03/13/2023","07/16/2031",453,1),
  (62,"4905 1464 8456 2516","674","02/04/2023","05/09/2031",32,3),
  (63,"512426 546782 5369","898","03/06/2024","07/24/2031",207,3),
  (64,"491174 246933 8450","837","10/05/2024","10/15/2030",115,1),
  (65,"2014 468925 59834","373","09/08/2024","01/22/2031",174,3),
  (66,"676762228457647883","943","08/10/2024","05/05/2031",248,3),
  (67,"515848 3484327454","581","04/10/2023","07/30/2029",214,2),
  (68,"4905115532577457773","961","06/06/2024","03/09/2029",162,2),
  (69,"646264 8599447350","423","08/20/2023","03/19/2031",147,2),
  (70,"302383216847173","335","09/20/2023","12/16/2030",396,1),

  (71,"670648 36 3728 7415 773","696","05/01/2023","01/03/2030",292,2),
  (72,"4175 0012 2622 8822","331","05/06/2023","03/03/2029",129,2),
  (73,"302345513569248","251","03/20/2024","10/17/2031",428,2),
  (74,"630424 86 1529 8133 833","986","06/28/2024","10/10/2030",369,2),
  (75,"5684742494343","578","09/02/2024","03/24/2029",419,2),
  (76,"303443882436195","189","04/02/2024","10/22/2028",73,2),
  (77,"402617 864314 1365","482","06/03/2023","11/14/2028",256,2),
  (78,"3035 437673 35725","656","06/13/2023","10/02/2028",441,2),
  (79,"491 31383 44256 546","329","07/27/2023","04/29/2031",469,2),
  (80,"67618574728340","255","04/14/2023","09/18/2030",69,1),

  (81,"201444547774676","146","01/09/2023","06/23/2031",435,1),
  (82,"402638 3244585669","504","11/19/2023","09/15/2029",111,2),
  (83,"630484 2524315491","289","11/18/2023","06/07/2029",217,2),
  (84,"346447845777438","169","06/04/2023","09/27/2028",454,2),
  (85,"201487648793871","150","05/29/2024","08/26/2030",298,2),
  (86,"657635 4227698661","478","08/14/2024","07/23/2032",264,1),
  (87,"3057 677281 86624","360","05/20/2024","02/13/2029",12,1),
  (88,"368143257877286","332","12/07/2022","09/12/2030",484,1),
  (89,"484 49335 87521 745","670","04/17/2023","04/06/2032",2,3),
  (90,"3025 124643 75327","851","04/30/2023","11/11/2028",439,2),

  (91,"2014 377824 15872","467","10/06/2024","02/02/2030",378,2),
  (92,"676 23875 86425 874","857","06/20/2023","10/28/2031",372,2),
  (93,"4716543668120","357","04/27/2023","11/05/2031",417,2),
  (94,"490523 5874756851","875","04/24/2024","03/05/2032",487,3),
  (95,"2014 662482 15972","772","07/14/2024","09/30/2028",334,2),
  (96,"3697 662969 17546","942","12/14/2023","04/25/2030",309,2),
  (97,"3438 444565 83829","465","10/16/2024","03/29/2029",222,2),
  (98,"676374185456926397","115","01/16/2023","08/26/2030",237,2),
  (99,"58936694242369","736","09/10/2024","12/08/2028",271,2),
  (100,"3042 355868 13276","203","06/25/2024","12/11/2029",231,1),

  (101,"5572 1439 7949 4858","388","09/06/2023","01/04/2029",292,1),
  (102,"491368 9578848473","509","05/06/2023","03/30/2029",340,1),
  (103,"4532433538665","889","12/06/2022","01/07/2030",361,2),
  (104,"521882 458762 6680","911","10/14/2024","11/28/2031",13,2),
  (105,"5038 767995 2267","323","11/25/2022","06/27/2031",200,2),
  (106,"4929 162 49 8873","689","02/13/2024","07/13/2031",19,1),
  (107,"5538937737685951","811","10/28/2023","11/13/2029",193,2),
  (108,"3057 856377 28963","500","11/06/2023","11/09/2029",270,1),
  (109,"5038865367431757246","788","04/27/2024","12/21/2031",264,3),
  (110,"3037 147899 35467","714","06/03/2024","08/04/2031",177,1),

  (111,"649 82438 85838 575","617","11/22/2022","07/26/2030",11,2),
  (112,"4175006733256851","264","01/28/2023","03/09/2032",225,1),
  (113,"3042 111233 47342","828","01/01/2023","08/03/2030",76,3),
  (114,"365447548992413","326","03/26/2023","04/02/2030",192,1),
  (115,"450818 8346317326","480","06/19/2023","08/13/2030",95,3),
  (116,"6334236918553722","430","09/26/2024","10/09/2030",159,2),
  (117,"648 88516 56287 335","384","09/12/2024","11/03/2029",343,2),
  (118,"201469433737487","873","02/12/2024","04/24/2030",351,2),
  (119,"3003 976674 39688","909","07/13/2024","03/10/2032",490,2),
  (120,"201412858676384","135","04/20/2023","11/08/2030",137,3),

  (121,"3033 665654 94589","617","02/06/2024","08/01/2030",240,1),
  (122,"546794 6592315633","648","02/14/2023","07/14/2029",480,2),
  (123,"302286293678314","972","11/02/2023","09/30/2029",490,2),
  (124,"512548 182122 7171","268","09/08/2023","06/19/2032",431,1),
  (125,"6709416566291328472","538","04/11/2024","07/28/2031",76,2),
  (126,"214964769518753","866","09/18/2024","07/16/2031",74,2),
  (127,"4485582375878","586","01/03/2024","06/04/2032",432,3),
  (128,"633 42636 74485 766","140","05/19/2023","02/27/2032",293,3),
  (129,"675911368347363655","900","08/25/2024","04/05/2031",420,1),
  (130,"3648 345967 28743","670","01/20/2024","03/31/2029",465,2),

  (131,"3788 624462 94222","901","04/24/2024","03/08/2031",493,3),
  (132,"377657525187789","203","05/28/2023","06/22/2032",415,2),
  (133,"6709345674738869","419","02/26/2024","01/03/2029",132,2),
  (134,"4917916576845631","370","11/19/2022","08/04/2030",404,1),
  (135,"201496428627886","333","03/07/2024","01/03/2032",341,3),
  (136,"4026847737447470","312","04/05/2024","07/14/2029",235,2),
  (137,"471 66785 29627 531","878","08/04/2024","01/23/2031",287,2),
  (138,"2014 777286 57468","118","03/02/2024","03/24/2030",95,2),
  (139,"3635 689624 57997","843","11/13/2022","03/07/2030",235,3),
  (140,"6333 5547 2452 5259","679","04/16/2024","05/01/2029",453,2),

  (141,"3435 453254 93682","270","12/17/2022","02/13/2029",128,1),
  (142,"564182 2833742233","149","03/30/2023","01/02/2030",443,2),
  (143,"633439 66 1552 2358 369","512","07/28/2023","01/16/2030",368,1),
  (144,"302554942784191","961","04/16/2023","06/02/2030",77,1),
  (145,"5038 3183 4482 8760","572","02/16/2024","10/18/2028",318,2),
  (146,"67626864184858720","940","11/10/2023","05/14/2031",455,1),
  (147,"344648242421528","887","06/04/2023","07/29/2030",319,3),
  (148,"6484323634738437","794","07/01/2024","10/27/2031",47,2),
  (149,"5645136983681679","767","09/18/2023","03/19/2029",412,3),
  (150,"3493 418241 85886","960","11/18/2022","11/22/2030",347,1),

  (151,"3624 347452 79367","553","07/15/2023","11/13/2030",176,1),
  (152,"453951 882822 7663","471","03/11/2024","02/11/2032",358,3),
  (153,"363882485462263","598","03/12/2024","07/30/2031",68,1),
  (154,"6488748983813298","291","11/16/2023","05/08/2029",331,3),
  (155,"490361 43 2242 7485 153","694","01/13/2023","01/31/2029",94,1),
  (156,"301599585427682","387","08/04/2024","10/22/2030",143,2),
  (157,"4539 438 79 5489","526","04/26/2023","05/27/2029",391,3),
  (158,"2149 555515 35443","851","01/29/2023","12/10/2028",112,3),
  (159,"342378529256643","240","05/19/2023","09/01/2029",16,3),
  (160,"402683 5853716679","333","06/20/2024","01/30/2030",170,1),

  (161,"544687 192582 8472","331","07/23/2024","11/09/2030",207,1),
  (162,"670627 168468 8287","745","11/09/2023","07/10/2029",172,3),
  (163,"645839 537263 5878","226","05/06/2024","10/19/2029",150,1),
  (164,"3661 338755 16715","611","02/09/2023","04/12/2031",83,2),
  (165,"646951 533182 2237","880","09/19/2023","08/10/2029",331,2),
  (166,"377254761444569","263","12/27/2022","01/12/2031",221,1),
  (167,"304829582764325","525","02/11/2023","08/22/2029",455,2),
  (168,"490 34251 86375 225","964","05/22/2023","11/07/2031",278,2),
  (169,"417 50053 17445 633","850","01/30/2023","01/03/2031",69,2),
  (170,"6767637578743838975","846","08/25/2024","12/14/2029",52,1),

  (171,"676234 4465616156","964","02/23/2024","12/14/2031",382,3),
  (172,"372742576678483","725","05/02/2024","04/09/2029",434,2),
  (173,"4024007172642","629","04/08/2023","01/18/2032",42,2),
  (174,"601124 342585 8263","918","02/11/2023","04/23/2031",148,1),
  (175,"4929343647216","929","02/12/2024","01/26/2031",35,2),
  (176,"646626 5989696953","615","07/01/2024","02/09/2029",253,2),
  (177,"450868 1142149463","588","09/13/2023","06/12/2032",39,2),
  (178,"4917 6278 8627 7312","907","03/30/2024","12/19/2029",396,2),
  (179,"300976948364466","638","03/06/2023","12/25/2031",105,2),
  (180,"6763854886644388247","290","04/04/2024","05/08/2032",84,2),

  (181,"201444453539675","582","07/01/2023","05/31/2030",10,2),
  (182,"3036 176545 24326","391","08/22/2024","01/29/2031",371,3),
  (183,"6767626777886773782","521","07/05/2024","08/01/2030",198,3),
  (184,"670663 449634 5687","358","08/23/2024","02/14/2032",178,3),
  (185,"5873 3319 7836 6450","649","09/17/2023","09/29/2029",486,2),
  (186,"676 32373 95367 636","504","12/21/2023","10/28/2030",86,2),
  (187,"368643226883737","843","01/08/2023","05/07/2031",414,2),
  (188,"302325259128540","297","04/11/2024","06/09/2032",225,3),
  (189,"633447 51 3786 1776 428","203","02/02/2023","11/16/2028",233,3),
  (190,"573344 87 2749 5265 224","432","04/11/2023","04/10/2031",421,3),

  (191,"3678 349967 45153","975","04/24/2023","03/22/2031",93,2),
  (192,"4936468812865257376","167","07/18/2024","05/29/2032",443,3),
  (193,"677156 95 2768 4733 517","452","09/23/2024","03/10/2029",321,1),
  (194,"367166729837837","458","06/30/2023","12/02/2031",156,2),
  (195,"491758 8277726269","149","03/04/2024","12/29/2028",415,1),
  (196,"553371 2656749244","477","02/13/2023","10/07/2030",467,2),
  (197,"633324 944626 3277","421","07/06/2024","10/23/2031",271,2),
  (198,"503 88228 36192 247","646","02/06/2023","05/01/2030",473,2),
  (199,"2014 536555 15292","756","04/28/2024","02/06/2032",395,1),
  (200,"369545889883426","350","05/14/2023","08/14/2031",187,3),

  (201,"6763336764359","238","04/12/2024","01/24/2032",248,2),
  (202,"4026 3887 4868 2458","342","09/29/2024","02/05/2029",130,1),
  (203,"6706 4433 7273 2558","480","12/11/2022","12/27/2031",483,2),
  (204,"537 92224 67747 533","480","03/02/2023","02/12/2031",293,2),
  (205,"214962667684867","280","02/23/2024","05/05/2029",355,2),
  (206,"305415565482363","332","01/11/2023","01/25/2030",164,3),
  (207,"4539414528365666","256","08/15/2024","12/11/2029",152,3),
  (208,"5519294378774998","664","09/19/2024","10/19/2030",103,2),
  (209,"368368685293315","114","01/10/2024","06/19/2031",320,2),
  (210,"3056 698593 72223","265","02/02/2024","03/18/2030",46,3),

  (211,"491362 822747 5577","674","02/03/2023","02/21/2030",218,3),
  (212,"6709 5266 2897 7626","638","03/15/2023","05/28/2032",94,2),
  (213,"343131568923295","884","09/24/2023","12/14/2030",363,1),
  (214,"6304 982 96 3647","318","02/11/2023","02/24/2030",390,1),
  (215,"633 11036 97296 829","215","06/05/2023","02/11/2030",289,1),
  (216,"2014 565444 65439","437","07/17/2024","09/25/2030",302,2),
  (217,"5227767284643772","832","07/19/2023","12/02/2028",210,2),
  (218,"214943988245638","175","04/19/2024","11/26/2028",393,2),
  (219,"633 47977 46449 839","789","09/19/2023","10/16/2029",283,1),
  (220,"492 97664 87852 895","643","07/11/2024","04/19/2031",316,3),

  (221,"4026 6239 8159 9633","600","11/16/2022","10/11/2030",286,2),
  (222,"633338 485946 6446","782","03/01/2024","09/22/2031",174,2),
  (223,"3421 456237 98568","624","10/01/2023","11/14/2031",131,2),
  (224,"302126474433511","734","09/20/2024","03/21/2029",89,2),
  (225,"491127 575231 6412","600","09/14/2023","10/25/2030",251,3),
  (226,"644 54554 45328 632","532","06/03/2024","06/13/2029",240,2),
  (227,"6304555752788517485","566","01/10/2024","01/03/2032",499,2),
  (228,"303641581828782","414","12/21/2022","08/23/2031",446,1),
  (229,"6457739716266588","703","10/22/2023","02/11/2031",489,3),
  (230,"4929 163 56 8989","192","12/22/2023","03/10/2029",485,2),

  (231,"362439514227778","208","05/19/2024","01/25/2032",384,2),
  (232,"363525479841873","287","04/05/2023","11/27/2029",41,2),
  (233,"564135 9584729366","141","08/03/2024","05/13/2030",97,2),
  (234,"4026767859925923","621","01/14/2023","01/29/2031",42,2),
  (235,"670 97146 73524 564","170","04/04/2023","06/09/2032",21,1),
  (236,"455646 8845869287","962","11/02/2024","01/22/2029",77,2),
  (237,"3668 844457 74974","339","08/24/2024","05/21/2031",423,1),
  (238,"3486 759163 46372","817","03/13/2023","02/08/2031",408,1),
  (239,"214977723548252","580","08/08/2024","04/07/2032",498,3),
  (240,"3431 342459 35641","933","09/05/2024","01/16/2032",345,1),

  (241,"3744 672733 37617","894","06/09/2024","10/27/2028",141,2),
  (242,"214935534499966","801","07/09/2023","02/13/2030",125,2),
  (243,"349892442235875","555","01/23/2023","07/10/2031",104,3),
  (244,"57664766897289","162","01/15/2023","10/13/2031",478,2),
  (245,"648 57434 75447 633","691","02/09/2023","11/05/2031",353,1),
  (246,"300682483835759","261","10/23/2023","03/17/2031",263,2),
  (247,"564 18254 53439 931","891","08/23/2023","12/15/2031",319,2),
  (248,"4716 2854 3238 2442","748","08/24/2024","03/21/2029",389,1),
  (249,"3625 642368 34716","423","01/03/2024","08/04/2031",444,3),
  (250,"493612 359662 8371","911","04/01/2024","10/12/2030",361,2),

  (251,"345818579447441","984","08/31/2023","01/02/2031",123,1),
  (252,"675972545899237538","658","06/03/2023","08/12/2031",441,1),
  (253,"214943527533817","818","10/19/2024","11/20/2029",418,3),
  (254,"301464132466693","599","04/19/2023","03/28/2032",460,3),
  (255,"670678 4724563435","596","03/11/2024","08/19/2031",248,1),
  (256,"503866 74 1756 4684 657","378","09/07/2024","04/04/2031",409,2),
  (257,"305988842327759","132","01/06/2024","01/29/2032",374,2),
  (258,"2014 818276 52677","935","12/20/2022","10/04/2031",230,2),
  (259,"214925938678554","370","11/02/2023","10/14/2031",167,2),
  (260,"676182 351846 7379","966","08/17/2024","09/26/2031",361,2),

  (261,"402688 884839 3161","766","06/25/2023","11/22/2031",376,3),
  (262,"4905212767668542651","303","06/21/2024","02/21/2031",345,2),
  (263,"305319464216858","259","02/26/2024","04/04/2029",129,2),
  (264,"542139 8172662635","405","12/31/2022","05/01/2031",474,2),
  (265,"6771 1768 6635 7595","544","06/16/2023","01/25/2031",399,3),
  (266,"6334371974763542267","906","01/02/2024","05/29/2031",65,2),
  (267,"344682595726787","461","10/09/2023","08/20/2029",91,2),
  (268,"490327 69 4849 5698 449","406","10/16/2024","11/19/2030",489,2),
  (269,"3054 485443 26286","932","08/24/2024","02/08/2030",100,2),
  (270,"3468 667736 64724","652","11/01/2023","11/16/2030",260,1),

  (271,"2149 356333 84127","722","12/17/2022","10/06/2028",421,1),
  (272,"305755714258879","449","11/24/2022","04/30/2032",412,3),
  (273,"201472666348329","994","08/30/2023","10/09/2028",359,3),
  (274,"4556 2794 8276 5229","707","06/19/2024","10/25/2031",499,2),
  (275,"648789 358939 4235","693","07/10/2024","10/10/2028",334,2),
  (276,"558256 8436754858","955","05/15/2023","04/25/2032",71,2),
  (277,"3444 457564 83865","333","09/09/2023","06/09/2030",72,1),
  (278,"3014 767565 38615","747","09/16/2024","02/07/2031",104,2),
  (279,"491384 473238 8268","395","01/10/2024","04/20/2032",455,3),
  (280,"633110 973394 8232","350","12/03/2023","09/25/2031",212,2),

  (281,"300665953538631","525","09/19/2024","03/23/2032",393,3),
  (282,"630466316555138826","855","11/24/2023","01/23/2031",311,1),
  (283,"2014 573773 35798","875","01/20/2024","03/16/2030",268,1),
  (284,"374448361475584","783","05/21/2023","04/21/2031",462,1),
  (285,"367787933174442","870","03/15/2023","10/12/2028",67,2),
  (286,"5776 4318 8259 2759","209","06/03/2023","03/03/2029",95,1),
  (287,"633 47682 17637 558","887","05/27/2023","01/05/2031",239,1),
  (288,"490331 7727476853","368","02/24/2024","09/13/2029",191,3),
  (289,"5451 3842 6972 7781","758","08/02/2023","06/17/2029",170,2),
  (290,"670975715637379565","960","06/14/2024","11/06/2029",328,2),

  (291,"3656 349631 72593","349","01/10/2024","05/16/2029",446,2),
  (292,"2014 662184 89243","583","12/23/2022","12/09/2030",311,3),
  (293,"484 43411 81388 364","488","04/10/2024","12/23/2028",75,2),
  (294,"2014 259784 62659","190","10/12/2023","10/28/2030",19,2),
  (295,"402 40071 73828 863","888","04/24/2024","03/28/2032",326,1),
  (296,"630476 5685325746","565","11/29/2022","03/03/2031",486,3),
  (297,"677 13576 49867 346","327","01/16/2023","01/03/2031",365,3),
  (298,"6456889541455384","878","09/01/2023","10/26/2031",257,2),
  (299,"3054 452438 21344","389","07/05/2023","12/23/2028",448,2),
  (300,"6759572546365671820","638","10/20/2023","01/31/2032",436,1),

  (301,"6759 9266 2184 6431","575","05/13/2024","09/10/2030",136,2),
  (302,"501846922760","367","05/16/2023","01/11/2032",89,2),
  (303,"201487814462665","857","10/08/2024","03/29/2029",464,1),
  (304,"303921257563479","493","10/06/2024","09/01/2031",463,2),
  (305,"490378 4711385871","854","01/16/2024","06/24/2031",213,2),
  (306,"645 49954 43896 849","827","07/19/2023","10/13/2031",374,2),
  (307,"2149 917214 39489","285","01/21/2023","03/27/2031",130,2),
  (308,"345151745685219","409","12/10/2023","04/12/2029",378,1),
  (309,"67717668635624981","873","08/09/2023","06/11/2032",374,3),
  (310,"633467 663625 5219","279","06/29/2024","02/11/2031",258,2),

  (311,"676372773256","900","07/28/2024","12/28/2030",171,3),
  (312,"633 46372 62965 588","313","01/30/2023","01/14/2031",286,3),
  (313,"3454 187676 63642","473","12/13/2023","09/03/2029",468,2),
  (314,"4916 6974 2386 8874","901","03/10/2024","01/29/2029",327,2),
  (315,"6474 3455 5982 2666","406","10/15/2024","09/19/2031",240,3),
  (316,"305428867364775","918","09/04/2023","03/16/2029",102,2),
  (317,"304726342921965","584","12/25/2022","01/01/2029",424,1),
  (318,"484422 185347 3696","930","02/14/2024","03/08/2031",55,3),
  (319,"3474 518447 87942","206","01/01/2023","06/30/2030",236,1),
  (320,"633449 55 4443 6722 421","200","01/18/2024","06/09/2031",401,2),

  (321,"63047752245775936","376","04/02/2023","11/07/2031",460,2),
  (322,"5475 4922 6255 2965","776","09/15/2024","06/16/2032",276,1),
  (323,"3453 143325 98720","596","11/01/2024","08/05/2029",433,2),
  (324,"4929 298 64 8524","586","07/24/2023","04/12/2032",185,3),
  (325,"214934381289133","489","05/21/2023","08/15/2029",217,2),
  (326,"670917 286694 2525","364","11/12/2022","02/03/2029",165,2),
  (327,"4916324457426","337","03/21/2024","06/15/2032",449,1),
  (328,"3003 587353 73713","453","09/27/2024","12/18/2031",19,2),
  (329,"5038644733544345369","650","01/08/2024","01/18/2029",53,2),
  (330,"3453 696791 85416","557","06/17/2024","10/19/2029",81,1),

  (331,"484437 757973 8240","393","06/29/2023","05/16/2031",70,2),
  (332,"4026677626934621","642","04/07/2023","04/18/2030",111,3),
  (333,"633439127373534312","956","01/17/2024","12/12/2029",264,3),
  (334,"5419743642633779","331","09/18/2023","12/27/2028",229,1),
  (335,"402656 567714 1735","550","06/05/2024","11/17/2031",351,1),
  (336,"364726844634659","115","06/02/2024","01/31/2031",357,3),
  (337,"305734632363285","925","10/28/2023","12/07/2028",249,2),
  (338,"670952 97 8435 4489 628","970","12/24/2022","12/30/2028",149,1),
  (339,"2014 958581 84731","585","07/23/2023","04/28/2032",427,3),
  (340,"4844 7646 5458 8824","141","10/24/2023","06/21/2032",53,1),

  (341,"344936288821150","705","03/19/2024","06/07/2032",233,2),
  (342,"3743 723941 78736","820","10/30/2023","11/27/2030",248,2),
  (343,"5225 9736 5567 2687","633","06/06/2023","06/14/2031",217,2),
  (344,"3482 465774 56148","476","03/02/2023","09/15/2031",46,2),
  (345,"5384546363354421","924","08/25/2024","08/20/2031",28,2),
  (346,"5641824267441696","125","03/10/2023","04/05/2032",381,3),
  (347,"2014 454843 88487","252","12/03/2023","05/10/2029",351,2),
  (348,"4917175943897540","811","11/17/2023","05/04/2029",421,2),
  (349,"4917 7779 2415 4468","233","01/29/2024","01/29/2031",247,2),
  (350,"484445 852482 7963","373","06/27/2024","12/07/2029",482,2),

  (351,"3623 457947 57881","182","03/13/2023","08/26/2030",87,2),
  (352,"3008 752561 51533","939","05/16/2024","05/05/2031",338,3),
  (353,"201481782788458","194","02/16/2024","05/05/2030",91,3),
  (354,"644614 5466523778","177","03/05/2024","02/23/2030",26,2),
  (355,"6488864181928257","925","05/12/2024","04/23/2031",400,2),
  (356,"3059 878781 24825","741","02/25/2023","04/20/2030",478,3),
  (357,"644346 3487172381","458","08/11/2024","06/30/2031",355,3),
  (358,"6767589464583840","408","05/15/2024","05/08/2030",102,2),
  (359,"67624385684573","304","01/19/2023","06/07/2032",357,3),
  (360,"3648 722955 77292","459","02/18/2023","07/07/2029",129,2),

  (361,"524578 2247918656","469","12/05/2022","11/27/2031",443,2),
  (362,"368761118534943","454","09/04/2024","07/19/2030",377,2),
  (363,"676 78436 74826 642","902","11/18/2023","12/20/2029",495,2),
  (364,"201433287268817","828","08/09/2024","04/21/2031",107,1),
  (365,"6011 3515 7792 2413","367","09/13/2024","09/03/2031",211,2),
  (366,"373377256477564","735","06/28/2024","11/12/2031",451,2),
  (367,"471684 525355 2975","187","11/25/2022","06/28/2029",66,1),
  (368,"3673 248674 53624","482","09/13/2023","10/20/2029",10,1),
  (369,"342253848556389","526","05/14/2023","05/08/2029",170,2),
  (370,"4911887472782333","751","06/22/2024","12/07/2028",320,1),

  (371,"3034 574523 33632","524","11/09/2023","12/30/2030",142,3),
  (372,"484492 7988135790","811","05/13/2024","12/09/2030",411,2),
  (373,"4026376961775976","176","01/24/2024","05/12/2030",137,2),
  (374,"4026346466394581","528","02/23/2023","05/22/2032",289,2),
  (375,"343441726864152","979","10/02/2023","12/10/2031",281,2),
  (376,"349476483189611","401","10/23/2024","11/02/2030",255,2),
  (377,"633376 26 2357 4575 391","397","05/19/2024","07/24/2029",290,3),
  (378,"676 77821 56622 360","489","10/20/2024","01/28/2032",176,1),
  (379,"2149 292835 63221","256","05/06/2024","11/02/2028",3,2),
  (380,"372853398458580","732","11/14/2022","07/07/2031",337,1),

  (381,"402625 785699 1482","648","10/03/2023","04/21/2030",43,2),
  (382,"6487 5864 5638 8278","275","04/25/2023","05/26/2030",398,1),
  (383,"402 64837 72945 663","458","05/09/2023","10/18/2031",452,3),
  (384,"676738 471963 2224","303","02/25/2023","05/25/2029",272,3),
  (385,"3785 789637 96882","224","11/25/2022","04/21/2029",245,1),
  (386,"6706877585385612441","859","02/02/2023","10/19/2031",382,3),
  (387,"677112422652626355","895","05/30/2024","02/10/2032",84,1),
  (388,"303132376888728","483","01/30/2024","05/18/2031",485,2),
  (389,"214913375825359","957","02/13/2024","07/11/2032",85,3),
  (390,"368452859277781","260","12/12/2022","12/15/2029",140,3),

  (391,"374452587396335","461","09/08/2023","09/27/2031",261,1),
  (392,"3644 842816 22130","548","12/20/2022","06/13/2030",209,2),
  (393,"491744 245496 4857","491","06/08/2024","11/18/2031",22,2),
  (394,"6447 3543 8465 8265","321","12/22/2022","04/30/2032",410,3),
  (395,"3748 349633 27812","666","07/27/2024","07/06/2031",204,2),
  (396,"647828 552445 5836","235","01/06/2023","01/19/2031",267,1),
  (397,"676346747851558","623","12/15/2022","12/14/2031",331,3),
  (398,"5767795967328585219","453","04/09/2024","10/19/2028",163,2),
  (399,"6759322516646391244","351","10/04/2024","01/04/2030",361,3),
  (400,"362188861582646","827","02/02/2023","03/22/2030",469,3),

  (401,"4905152655285671","419","07/22/2024","04/16/2030",446,2),
  (402,"6011165723588534","598","03/19/2024","06/07/2030",173,1),
  (403,"3014 954443 58988","495","07/25/2023","05/04/2030",85,1),
  (404,"630465 4943953749","323","06/23/2024","12/13/2030",82,1),
  (405,"491344 947788 3661","126","09/25/2023","03/22/2031",62,2),
  (406,"676274 679345 7162","645","03/10/2024","04/25/2029",472,3),
  (407,"6304 467 35 3215","910","09/22/2024","09/25/2029",415,3),
  (408,"549 78755 38633 565","635","06/16/2024","12/28/2030",74,1),
  (409,"503889 496573 6532","631","06/16/2023","04/22/2029",481,3),
  (410,"4929816274779","681","05/30/2024","04/04/2032",166,2),

  (411,"656946 143535 9124","308","07/05/2024","02/01/2032",119,3),
  (412,"5893 4975 4275 6660","175","09/01/2023","08/16/2031",480,2),
  (413,"3054 273237 39646","883","03/24/2024","07/25/2030",257,3),
  (414,"2014 456369 88226","138","11/23/2022","03/03/2031",230,1),
  (415,"201474327276865","769","09/14/2023","01/08/2032",242,2),
  (416,"4763431259341127","592","11/14/2022","10/27/2030",33,3),
  (417,"5038 554574 52851","755","03/23/2024","03/09/2030",306,2),
  (418,"3662 233666 38340","325","10/27/2023","01/20/2032",472,2),
  (419,"67593246388387","805","11/18/2023","03/15/2030",197,3),
  (420,"531332 7638464766","754","02/06/2024","06/27/2031",179,3),

  (421,"67719731622746734","311","12/29/2023","06/19/2030",294,3),
  (422,"491372 9535145934","277","12/02/2023","09/05/2029",363,2),
  (423,"344752553362642","868","01/06/2024","04/26/2029",161,2),
  (424,"3741 168845 71227","882","11/01/2023","06/10/2032",22,2),
  (425,"346442558234446","968","09/21/2023","01/29/2029",99,2),
  (426,"493646 4976476589","478","02/02/2023","09/11/2031",36,2),
  (427,"3624 628731 16580","635","03/21/2023","06/17/2032",217,2),
  (428,"5659 677626 35842","500","01/17/2023","10/12/2031",313,2),
  (429,"6334379736578657826","874","12/16/2023","10/25/2029",37,2),
  (430,"4917 7793 9374 7665","774","07/14/2023","09/16/2029",323,3),

  (431,"303354537445640","366","08/05/2024","04/30/2030",140,2),
  (432,"649 13243 43323 710","569","12/22/2022","11/10/2031",68,2),
  (433,"490552 644396 9482","960","12/21/2023","08/15/2030",412,3),
  (434,"670977 58 4229 5383 671","772","03/21/2023","05/21/2030",335,3),
  (435,"4532926747842552","674","01/07/2023","01/23/2032",299,2),
  (436,"633438 881254 5310","703","12/26/2023","06/15/2032",134,2),
  (437,"364724779742415","239","12/29/2023","05/23/2031",319,2),
  (438,"532 47326 23477 870","815","09/13/2023","11/26/2029",317,3),
  (439,"402 40071 36866 653","414","11/17/2023","10/18/2030",310,2),
  (440,"363637648748234","622","05/06/2023","05/25/2030",292,1),

  (441,"501868641772628870","886","03/04/2024","10/04/2028",359,1),
  (442,"6011 4266 6557 7632","846","12/22/2022","05/15/2031",346,1),
  (443,"645559 146238 6371","257","05/01/2023","07/01/2031",411,2),
  (444,"3031 382228 46554","992","06/10/2024","03/26/2029",187,3),
  (445,"676731 474641 8370","625","03/11/2024","02/07/2029",216,2),
  (446,"5658 865233 6774","432","04/21/2024","04/28/2030",349,2),
  (447,"365627468214860","155","10/01/2024","05/27/2029",445,3),
  (448,"3016 363966 82566","531","03/21/2024","02/27/2031",376,1),
  (449,"633333 12 9813 6989 513","254","04/16/2023","04/14/2029",418,1),
  (450,"214923623776510","684","12/11/2022","11/08/2028",339,1),

  (451,"3013 393874 62441","879","02/29/2024","12/23/2031",326,2),
  (452,"3442 336596 25364","648","11/28/2023","12/20/2028",337,2),
  (453,"3047 338984 64341","417","05/13/2024","04/07/2030",379,3),
  (454,"589377898822128","906","10/09/2023","03/28/2030",87,2),
  (455,"670 96268 43418 529","647","04/04/2023","07/18/2030",356,3),
  (456,"450855 188766 2535","758","02/27/2023","06/26/2031",192,2),
  (457,"3763 694778 55360","194","03/28/2023","07/12/2032",94,1),
  (458,"676723 716178 7187","794","04/05/2023","04/04/2031",407,2),
  (459,"515 27655 57532 598","496","02/17/2024","07/20/2032",299,2),
  (460,"301654333886265","725","09/20/2024","01/27/2029",278,2),

  (461,"450832 294473 9421","840","09/30/2023","03/07/2032",30,2),
  (462,"633429 5584746259","902","10/02/2023","04/28/2029",263,3),
  (463,"552728 6693477836","565","08/28/2023","05/19/2031",72,1),
  (464,"6709 4443 4175 3383","322","06/23/2024","06/25/2032",208,2),
  (465,"649 62888 78755 940","647","03/21/2023","09/19/2030",11,1),
  (466,"645 57724 78358 725","656","04/26/2024","10/06/2031",56,1),
  (467,"4024007165414","602","03/04/2023","07/13/2031",158,3),
  (468,"4913 1587 8335 4230","979","05/07/2023","04/29/2029",489,2),
  (469,"366288663258977","175","12/09/2022","08/20/2031",376,2),
  (470,"633446 755358 7762","174","01/28/2023","02/10/2029",438,2),

  (471,"4917 8271 8553 2165","383","04/13/2024","12/04/2030",316,2),
  (472,"676386 97 3622 8975 146","399","05/20/2024","12/04/2030",421,2),
  (473,"6331103599665964375","463","02/02/2024","06/22/2030",32,3),
  (474,"6334 5183 1842 7528","841","07/04/2023","09/24/2031",306,2),
  (475,"553517 735162 8259","192","05/06/2023","03/17/2029",491,2),
  (476,"6333623368122465","473","11/07/2022","06/22/2032",93,3),
  (477,"490348468456595829","155","10/30/2024","02/06/2031",310,3),
  (478,"670681635576622434","586","08/24/2024","09/26/2029",126,1),
  (479,"2149 453871 44387","267","03/04/2023","02/14/2032",118,2),
  (480,"417500 9225556754","112","05/18/2023","09/16/2031",107,1),

  (481,"4024007125434","648","01/01/2023","03/25/2032",366,2),
  (482,"4716 4373 4496 5315","497","11/20/2023","06/06/2031",345,1),
  (483,"501832 73 4558 7538 424","356","06/04/2024","10/22/2031",285,2),
  (484,"361924821923251","142","01/08/2023","09/15/2030",184,3),
  (485,"633110 5432669954","184","12/28/2023","07/01/2030",173,2),
  (486,"302513434634660","895","02/25/2024","06/27/2029",3,1),
  (487,"564182 75 2613 5543 537","203","09/10/2023","10/19/2029",370,2),
  (488,"649 53458 79592 184","159","03/01/2023","01/13/2029",387,2),
  (489,"3786 744753 89272","872","11/27/2022","01/30/2032",480,2),
  (490,"3014 851747 28435","539","11/14/2022","07/13/2029",320,1),

  (491,"305627555623281","922","08/09/2024","10/22/2029",267,2),
  (492,"453 24323 36752 849","577","10/04/2024","05/25/2031",172,2),
  (493,"369889548727685","282","10/12/2024","03/25/2032",279,3),
  (494,"630475 88 2522 4218 960","391","09/18/2024","01/26/2029",485,1),
  (495,"4905923342982551","112","11/02/2023","10/22/2031",20,2),
  (496,"5038128515887226","821","07/28/2023","12/05/2029",95,2),
  (497,"6761 8826 4549 7253","387","07/25/2023","02/08/2031",166,2),
  (498,"450882 472628 6620","861","05/25/2023","12/13/2030",231,3),
  (499,"558 38482 72877 537","727","06/06/2024","10/01/2030",340,1),
  (500,"5871 422286 4321","297","06/20/2024","09/07/2030",47,3);
--Agregar la entidad direcciones, que puede ser usada por los clientes, empleados y sucursales con los campos utilizados en el SPRINT 5

 CREATE TABLE direcciones(
    ID_Direc INT  AUTO_INCREMENT PRIMARY KEY,
    Direccion VARCHAR(50),
	employee_id INT,
	customer_id INT,
	branch_id INT UNIQUE,
    FOREIGN KEY (employee_id) REFERENCES empleado(employee_id)
	FOREIGN KEY (customer_id) REFERENCES cliente(customer_id)
    FOREIGN KEY (branch_id) REFERENCES sucursal(branch_id)
 );




UPDATE cuenta SET ID_TipCuenta = 2 WHERE account_id = 1;
UPDATE cuenta SET ID_TipCuenta = 1 WHERE account_id = 2;
UPDATE cuenta SET ID_TipCuenta = 2 WHERE account_id = 3;
UPDATE cuenta SET ID_TipCuenta = 1 WHERE account_id = 4;
UPDATE cuenta SET ID_TipCuenta = 2 WHERE account_id = 5;
UPDATE cuenta SET ID_TipCuenta = 3 WHERE account_id = 6;
UPDATE cuenta SET ID_TipCuenta = 2 WHERE account_id = 7;
UPDATE cuenta SET ID_TipCuenta = 3 WHERE account_id = 8;
UPDATE cuenta SET ID_TipCuenta = 1 WHERE account_id = 9;
UPDATE cuenta SET ID_TipCuenta = 2 WHERE account_id = 10;
UPDATE cuenta SET ID_TipCuenta = 1 WHERE account_id = 11;
UPDATE cuenta SET ID_TipCuenta = 2 WHERE account_id = 12;
UPDATE cuenta SET ID_TipCuenta = 3 WHERE account_id = 13;
UPDATE cuenta SET ID_TipCuenta = 1 WHERE account_id = 14;
UPDATE cuenta SET ID_TipCuenta = 1 WHERE account_id = 15;
UPDATE cuenta SET ID_TipCuenta = 2 WHERE account_id = 16;
UPDATE cuenta SET ID_TipCuenta = 2 WHERE account_id = 17;
UPDATE cuenta SET ID_TipCuenta = 1 WHERE account_id = 18;
UPDATE cuenta SET ID_TipCuenta = 3 WHERE account_id = 19;
UPDATE cuenta SET ID_TipCuenta = 1 WHERE account_id = 20;
UPDATE cuenta SET ID_TipCuenta = 3 WHERE account_id = 21;
UPDATE cuenta SET ID_TipCuenta = 2 WHERE account_id = 22;
UPDATE cuenta SET ID_TipCuenta = 1 WHERE account_id = 23;
UPDATE cuenta SET ID_TipCuenta = 3 WHERE account_id = 24;
UPDATE cuenta SET ID_TipCuenta = 1 WHERE account_id = 25;
UPDATE cuenta SET ID_TipCuenta = 2 WHERE account_id = 26;
UPDATE cuenta SET ID_TipCuenta = 1 WHERE account_id = 27;
UPDATE cuenta SET ID_TipCuenta = 2 WHERE account_id = 28;
UPDATE cuenta SET ID_TipCuenta = 3 WHERE account_id = 29;
UPDATE cuenta SET ID_TipCuenta = 2 WHERE account_id = 30;
UPDATE cuenta SET ID_TipCuenta = 2 WHERE account_id = 31;
UPDATE cuenta SET ID_TipCuenta = 2 WHERE account_id = 32;
UPDATE cuenta SET ID_TipCuenta = 2 WHERE account_id = 33;
UPDATE cuenta SET ID_TipCuenta = 3 WHERE account_id = 34;
UPDATE cuenta SET ID_TipCuenta = 1 WHERE account_id = 35;
UPDATE cuenta SET ID_TipCuenta = 1 WHERE account_id = 36;
UPDATE cuenta SET ID_TipCuenta = 3 WHERE account_id = 37;
UPDATE cuenta SET ID_TipCuenta = 2 WHERE account_id = 38;
UPDATE cuenta SET ID_TipCuenta = 1 WHERE account_id = 39;
UPDATE cuenta SET ID_TipCuenta = 3 WHERE account_id = 40;
UPDATE cuenta SET ID_TipCuenta = 1 WHERE account_id = 41;
UPDATE cuenta SET ID_TipCuenta = 2 WHERE account_id = 42;
UPDATE cuenta SET ID_TipCuenta = 2 WHERE account_id = 43;
UPDATE cuenta SET ID_TipCuenta = 2 WHERE account_id = 44;
UPDATE cuenta SET ID_TipCuenta = 2 WHERE account_id = 45;
UPDATE cuenta SET ID_TipCuenta = 2 WHERE account_id = 46;
UPDATE cuenta SET ID_TipCuenta = 2 WHERE account_id = 47;
UPDATE cuenta SET ID_TipCuenta = 3 WHERE account_id = 48;
UPDATE cuenta SET ID_TipCuenta = 2 WHERE account_id = 49;
UPDATE cuenta SET ID_TipCuenta = 2 WHERE account_id = 50;
UPDATE cuenta SET ID_TipCuenta = 2 WHERE account_id = 51;
UPDATE cuenta SET ID_TipCuenta = 3 WHERE account_id = 52;
UPDATE cuenta SET ID_TipCuenta = 3 WHERE account_id = 53;
UPDATE cuenta SET ID_TipCuenta = 3 WHERE account_id = 54;
UPDATE cuenta SET ID_TipCuenta = 2 WHERE account_id = 55;
UPDATE cuenta SET ID_TipCuenta = 3 WHERE account_id = 56;
UPDATE cuenta SET ID_TipCuenta = 3 WHERE account_id = 57;
UPDATE cuenta SET ID_TipCuenta = 1 WHERE account_id = 58;
UPDATE cuenta SET ID_TipCuenta = 3 WHERE account_id = 59;
UPDATE cuenta SET ID_TipCuenta = 3 WHERE account_id = 60;
UPDATE cuenta SET ID_TipCuenta = 2 WHERE account_id = 61;
UPDATE cuenta SET ID_TipCuenta = 3 WHERE account_id = 62;
UPDATE cuenta SET ID_TipCuenta = 2 WHERE account_id = 63;
UPDATE cuenta SET ID_TipCuenta = 2 WHERE account_id = 64;
UPDATE cuenta SET ID_TipCuenta = 2 WHERE account_id = 65;
UPDATE cuenta SET ID_TipCuenta = 2 WHERE account_id = 66;
UPDATE cuenta SET ID_TipCuenta = 2 WHERE account_id = 67;
UPDATE cuenta SET ID_TipCuenta = 3 WHERE account_id = 68;
UPDATE cuenta SET ID_TipCuenta = 2 WHERE account_id = 69;
UPDATE cuenta SET ID_TipCuenta = 2 WHERE account_id = 70;
UPDATE cuenta SET ID_TipCuenta = 3 WHERE account_id = 71;
UPDATE cuenta SET ID_TipCuenta = 2 WHERE account_id = 72;
UPDATE cuenta SET ID_TipCuenta = 2 WHERE account_id = 73;
UPDATE cuenta SET ID_TipCuenta = 2 WHERE account_id = 74;
UPDATE cuenta SET ID_TipCuenta = 3 WHERE account_id = 75;
UPDATE cuenta SET ID_TipCuenta = 3 WHERE account_id = 76;
UPDATE cuenta SET ID_TipCuenta = 2 WHERE account_id = 77;
UPDATE cuenta SET ID_TipCuenta = 3 WHERE account_id = 78;
UPDATE cuenta SET ID_TipCuenta = 3 WHERE account_id = 79;
UPDATE cuenta SET ID_TipCuenta = 3 WHERE account_id = 80;
UPDATE cuenta SET ID_TipCuenta = 1 WHERE account_id = 81;
UPDATE cuenta SET ID_TipCuenta = 2 WHERE account_id = 82;
UPDATE cuenta SET ID_TipCuenta = 1 WHERE account_id = 83;
UPDATE cuenta SET ID_TipCuenta = 2 WHERE account_id = 84;
UPDATE cuenta SET ID_TipCuenta = 2 WHERE account_id = 85;
UPDATE cuenta SET ID_TipCuenta = 2 WHERE account_id = 86;
UPDATE cuenta SET ID_TipCuenta = 3 WHERE account_id = 87;
UPDATE cuenta SET ID_TipCuenta = 2 WHERE account_id = 88;
UPDATE cuenta SET ID_TipCuenta = 2 WHERE account_id = 89;
UPDATE cuenta SET ID_TipCuenta = 2 WHERE account_id = 90;
UPDATE cuenta SET ID_TipCuenta = 3 WHERE account_id = 91;
UPDATE cuenta SET ID_TipCuenta = 3 WHERE account_id = 92;
UPDATE cuenta SET ID_TipCuenta = 2 WHERE account_id = 93;
UPDATE cuenta SET ID_TipCuenta = 2 WHERE account_id = 94;
UPDATE cuenta SET ID_TipCuenta = 2 WHERE account_id = 95;
UPDATE cuenta SET ID_TipCuenta = 2 WHERE account_id = 96;
UPDATE cuenta SET ID_TipCuenta = 3 WHERE account_id = 97;
UPDATE cuenta SET ID_TipCuenta = 2 WHERE account_id = 98;
UPDATE cuenta SET ID_TipCuenta = 3 WHERE account_id = 99;
UPDATE cuenta SET ID_TipCuenta = 2 WHERE account_id = 100;
UPDATE cuenta SET ID_TipCuenta = 3 WHERE account_id = 101;
UPDATE cuenta SET ID_TipCuenta = 2 WHERE account_id = 102;
UPDATE cuenta SET ID_TipCuenta = 1 WHERE account_id = 103;
UPDATE cuenta SET ID_TipCuenta = 2 WHERE account_id = 104;
UPDATE cuenta SET ID_TipCuenta = 2 WHERE account_id = 105;
UPDATE cuenta SET ID_TipCuenta = 2 WHERE account_id = 106;
UPDATE cuenta SET ID_TipCuenta = 1 WHERE account_id = 107;
UPDATE cuenta SET ID_TipCuenta = 2 WHERE account_id = 108;
UPDATE cuenta SET ID_TipCuenta = 3 WHERE account_id = 109;
UPDATE cuenta SET ID_TipCuenta = 2 WHERE account_id = 110;
UPDATE cuenta SET ID_TipCuenta = 3 WHERE account_id = 111;
UPDATE cuenta SET ID_TipCuenta = 3 WHERE account_id = 112;
UPDATE cuenta SET ID_TipCuenta = 1 WHERE account_id = 113;
UPDATE cuenta SET ID_TipCuenta = 3 WHERE account_id = 114;
UPDATE cuenta SET ID_TipCuenta = 2 WHERE account_id = 115;
UPDATE cuenta SET ID_TipCuenta = 3 WHERE account_id = 116;
UPDATE cuenta SET ID_TipCuenta = 3 WHERE account_id = 117;
UPDATE cuenta SET ID_TipCuenta = 2 WHERE account_id = 118;
UPDATE cuenta SET ID_TipCuenta = 1 WHERE account_id = 119;
UPDATE cuenta SET ID_TipCuenta = 2 WHERE account_id = 120;
UPDATE cuenta SET ID_TipCuenta = 2 WHERE account_id = 121;
UPDATE cuenta SET ID_TipCuenta = 3 WHERE account_id = 122;
UPDATE cuenta SET ID_TipCuenta = 1 WHERE account_id = 123;
UPDATE cuenta SET ID_TipCuenta = 1 WHERE account_id = 124;
UPDATE cuenta SET ID_TipCuenta = 1 WHERE account_id = 125;
UPDATE cuenta SET ID_TipCuenta = 2 WHERE account_id = 126;
UPDATE cuenta SET ID_TipCuenta = 3 WHERE account_id = 127;
UPDATE cuenta SET ID_TipCuenta = 2 WHERE account_id = 128;
UPDATE cuenta SET ID_TipCuenta = 2 WHERE account_id = 129;
UPDATE cuenta SET ID_TipCuenta = 1 WHERE account_id = 130;
UPDATE cuenta SET ID_TipCuenta = 2 WHERE account_id = 131;
UPDATE cuenta SET ID_TipCuenta = 2 WHERE account_id = 132;
UPDATE cuenta SET ID_TipCuenta = 1 WHERE account_id = 133;
UPDATE cuenta SET ID_TipCuenta = 3 WHERE account_id = 134;
UPDATE cuenta SET ID_TipCuenta = 2 WHERE account_id = 135;
UPDATE cuenta SET ID_TipCuenta = 2 WHERE account_id = 136;
UPDATE cuenta SET ID_TipCuenta = 2 WHERE account_id = 137;
UPDATE cuenta SET ID_TipCuenta = 2 WHERE account_id = 138;
UPDATE cuenta SET ID_TipCuenta = 2 WHERE account_id = 139;
UPDATE cuenta SET ID_TipCuenta = 2 WHERE account_id = 140;
UPDATE cuenta SET ID_TipCuenta = 2 WHERE account_id = 141;
UPDATE cuenta SET ID_TipCuenta = 3 WHERE account_id = 142;
UPDATE cuenta SET ID_TipCuenta = 3 WHERE account_id = 143;
UPDATE cuenta SET ID_TipCuenta = 3 WHERE account_id = 144;
UPDATE cuenta SET ID_TipCuenta = 1 WHERE account_id = 145;
UPDATE cuenta SET ID_TipCuenta = 2 WHERE account_id = 146;
UPDATE cuenta SET ID_TipCuenta = 1 WHERE account_id = 147;
UPDATE cuenta SET ID_TipCuenta = 1 WHERE account_id = 148;
UPDATE cuenta SET ID_TipCuenta = 2 WHERE account_id = 149;
UPDATE cuenta SET ID_TipCuenta = 2 WHERE account_id = 150;
UPDATE cuenta SET ID_TipCuenta = 3 WHERE account_id = 151;
UPDATE cuenta SET ID_TipCuenta = 3 WHERE account_id = 152;
UPDATE cuenta SET ID_TipCuenta = 1 WHERE account_id = 153;
UPDATE cuenta SET ID_TipCuenta = 1 WHERE account_id = 154;
UPDATE cuenta SET ID_TipCuenta = 2 WHERE account_id = 155;
UPDATE cuenta SET ID_TipCuenta = 2 WHERE account_id = 156;
UPDATE cuenta SET ID_TipCuenta = 3 WHERE account_id = 157;
UPDATE cuenta SET ID_TipCuenta = 3 WHERE account_id = 158;
UPDATE cuenta SET ID_TipCuenta = 2 WHERE account_id = 159;
UPDATE cuenta SET ID_TipCuenta = 3 WHERE account_id = 160;
UPDATE cuenta SET ID_TipCuenta = 3 WHERE account_id = 161;
UPDATE cuenta SET ID_TipCuenta = 2 WHERE account_id = 162;
UPDATE cuenta SET ID_TipCuenta = 1 WHERE account_id = 163;
UPDATE cuenta SET ID_TipCuenta = 2 WHERE account_id = 164;
UPDATE cuenta SET ID_TipCuenta = 1 WHERE account_id = 165;
UPDATE cuenta SET ID_TipCuenta = 2 WHERE account_id = 166;
UPDATE cuenta SET ID_TipCuenta = 2 WHERE account_id = 167;
UPDATE cuenta SET ID_TipCuenta = 1 WHERE account_id = 168;
UPDATE cuenta SET ID_TipCuenta = 3 WHERE account_id = 169;
UPDATE cuenta SET ID_TipCuenta = 1 WHERE account_id = 170;
UPDATE cuenta SET ID_TipCuenta = 2 WHERE account_id = 171;
UPDATE cuenta SET ID_TipCuenta = 3 WHERE account_id = 172;
UPDATE cuenta SET ID_TipCuenta = 3 WHERE account_id = 173;
UPDATE cuenta SET ID_TipCuenta = 2 WHERE account_id = 174;
UPDATE cuenta SET ID_TipCuenta = 1 WHERE account_id = 175;
UPDATE cuenta SET ID_TipCuenta = 1 WHERE account_id = 176;
UPDATE cuenta SET ID_TipCuenta = 3 WHERE account_id = 177;
UPDATE cuenta SET ID_TipCuenta = 2 WHERE account_id = 178;
UPDATE cuenta SET ID_TipCuenta = 2 WHERE account_id = 179;
UPDATE cuenta SET ID_TipCuenta = 2 WHERE account_id = 180;
UPDATE cuenta SET ID_TipCuenta = 1 WHERE account_id = 181;
UPDATE cuenta SET ID_TipCuenta = 3 WHERE account_id = 182;
UPDATE cuenta SET ID_TipCuenta = 1 WHERE account_id = 183;
UPDATE cuenta SET ID_TipCuenta = 2 WHERE account_id = 184;
UPDATE cuenta SET ID_TipCuenta = 2 WHERE account_id = 185;
UPDATE cuenta SET ID_TipCuenta = 3 WHERE account_id = 186;
UPDATE cuenta SET ID_TipCuenta = 2 WHERE account_id = 187;
UPDATE cuenta SET ID_TipCuenta = 3 WHERE account_id = 188;
UPDATE cuenta SET ID_TipCuenta = 2 WHERE account_id = 189;
UPDATE cuenta SET ID_TipCuenta = 2 WHERE account_id = 190;
UPDATE cuenta SET ID_TipCuenta = 2 WHERE account_id = 191;
UPDATE cuenta SET ID_TipCuenta = 2 WHERE account_id = 192;
UPDATE cuenta SET ID_TipCuenta = 2 WHERE account_id = 193;
UPDATE cuenta SET ID_TipCuenta = 2 WHERE account_id = 194;
UPDATE cuenta SET ID_TipCuenta = 2 WHERE account_id = 195;
UPDATE cuenta SET ID_TipCuenta = 2 WHERE account_id = 196;
UPDATE cuenta SET ID_TipCuenta = 3 WHERE account_id = 197;
UPDATE cuenta SET ID_TipCuenta = 2 WHERE account_id = 198;
UPDATE cuenta SET ID_TipCuenta = 1 WHERE account_id = 199;
UPDATE cuenta SET ID_TipCuenta = 3 WHERE account_id = 200;
UPDATE cuenta SET ID_TipCuenta = 1 WHERE account_id = 201;
UPDATE cuenta SET ID_TipCuenta = 2 WHERE account_id = 202;
UPDATE cuenta SET ID_TipCuenta = 2 WHERE account_id = 203;
UPDATE cuenta SET ID_TipCuenta = 3 WHERE account_id = 204;
UPDATE cuenta SET ID_TipCuenta = 2 WHERE account_id = 205;
UPDATE cuenta SET ID_TipCuenta = 2 WHERE account_id = 206;
UPDATE cuenta SET ID_TipCuenta = 1 WHERE account_id = 207;
UPDATE cuenta SET ID_TipCuenta = 2 WHERE account_id = 208;
UPDATE cuenta SET ID_TipCuenta = 2 WHERE account_id = 209;
UPDATE cuenta SET ID_TipCuenta = 2 WHERE account_id = 210;
UPDATE cuenta SET ID_TipCuenta = 1 WHERE account_id = 211;
UPDATE cuenta SET ID_TipCuenta = 3 WHERE account_id = 212;
UPDATE cuenta SET ID_TipCuenta = 2 WHERE account_id = 213;
UPDATE cuenta SET ID_TipCuenta = 3 WHERE account_id = 214;
UPDATE cuenta SET ID_TipCuenta = 3 WHERE account_id = 215;
UPDATE cuenta SET ID_TipCuenta = 2 WHERE account_id = 216;
UPDATE cuenta SET ID_TipCuenta = 3 WHERE account_id = 217;
UPDATE cuenta SET ID_TipCuenta = 2 WHERE account_id = 218;
UPDATE cuenta SET ID_TipCuenta = 2 WHERE account_id = 219;
UPDATE cuenta SET ID_TipCuenta = 3 WHERE account_id = 220;
UPDATE cuenta SET ID_TipCuenta = 2 WHERE account_id = 221;
UPDATE cuenta SET ID_TipCuenta = 1 WHERE account_id = 222;
UPDATE cuenta SET ID_TipCuenta = 3 WHERE account_id = 223;
UPDATE cuenta SET ID_TipCuenta = 2 WHERE account_id = 224;
UPDATE cuenta SET ID_TipCuenta = 3 WHERE account_id = 225;
UPDATE cuenta SET ID_TipCuenta = 1 WHERE account_id = 226;
UPDATE cuenta SET ID_TipCuenta = 2 WHERE account_id = 227;
UPDATE cuenta SET ID_TipCuenta = 3 WHERE account_id = 228;
UPDATE cuenta SET ID_TipCuenta = 3 WHERE account_id = 229;
UPDATE cuenta SET ID_TipCuenta = 2 WHERE account_id = 230;
UPDATE cuenta SET ID_TipCuenta = 2 WHERE account_id = 231;
UPDATE cuenta SET ID_TipCuenta = 1 WHERE account_id = 232;
UPDATE cuenta SET ID_TipCuenta = 3 WHERE account_id = 233;
UPDATE cuenta SET ID_TipCuenta = 2 WHERE account_id = 234;
UPDATE cuenta SET ID_TipCuenta = 1 WHERE account_id = 235;
UPDATE cuenta SET ID_TipCuenta = 2 WHERE account_id = 236;
UPDATE cuenta SET ID_TipCuenta = 1 WHERE account_id = 237;
UPDATE cuenta SET ID_TipCuenta = 2 WHERE account_id = 238;
UPDATE cuenta SET ID_TipCuenta = 3 WHERE account_id = 239;
UPDATE cuenta SET ID_TipCuenta = 2 WHERE account_id = 240;
UPDATE cuenta SET ID_TipCuenta = 1 WHERE account_id = 241;
UPDATE cuenta SET ID_TipCuenta = 2 WHERE account_id = 242;
UPDATE cuenta SET ID_TipCuenta = 2 WHERE account_id = 243;
UPDATE cuenta SET ID_TipCuenta = 2 WHERE account_id = 244;
UPDATE cuenta SET ID_TipCuenta = 2 WHERE account_id = 245;
UPDATE cuenta SET ID_TipCuenta = 2 WHERE account_id = 246;
UPDATE cuenta SET ID_TipCuenta = 2 WHERE account_id = 247;
UPDATE cuenta SET ID_TipCuenta = 1 WHERE account_id = 248;
UPDATE cuenta SET ID_TipCuenta = 2 WHERE account_id = 249;
UPDATE cuenta SET ID_TipCuenta = 3 WHERE account_id = 250;
UPDATE cuenta SET ID_TipCuenta = 3 WHERE account_id = 251;
UPDATE cuenta SET ID_TipCuenta = 3 WHERE account_id = 252;
UPDATE cuenta SET ID_TipCuenta = 2 WHERE account_id = 253;
UPDATE cuenta SET ID_TipCuenta = 2 WHERE account_id = 254;
UPDATE cuenta SET ID_TipCuenta = 1 WHERE account_id = 255;
UPDATE cuenta SET ID_TipCuenta = 3 WHERE account_id = 256;
UPDATE cuenta SET ID_TipCuenta = 2 WHERE account_id = 257;
UPDATE cuenta SET ID_TipCuenta = 2 WHERE account_id = 258;
UPDATE cuenta SET ID_TipCuenta = 2 WHERE account_id = 259;
UPDATE cuenta SET ID_TipCuenta = 2 WHERE account_id = 260;
UPDATE cuenta SET ID_TipCuenta = 1 WHERE account_id = 261;
UPDATE cuenta SET ID_TipCuenta = 2 WHERE account_id = 262;
UPDATE cuenta SET ID_TipCuenta = 2 WHERE account_id = 263;
UPDATE cuenta SET ID_TipCuenta = 2 WHERE account_id = 264;
UPDATE cuenta SET ID_TipCuenta = 3 WHERE account_id = 265;
UPDATE cuenta SET ID_TipCuenta = 3 WHERE account_id = 266;
UPDATE cuenta SET ID_TipCuenta = 3 WHERE account_id = 267;
UPDATE cuenta SET ID_TipCuenta = 3 WHERE account_id = 268;
UPDATE cuenta SET ID_TipCuenta = 2 WHERE account_id = 269;
UPDATE cuenta SET ID_TipCuenta = 2 WHERE account_id = 270;
UPDATE cuenta SET ID_TipCuenta = 2 WHERE account_id = 271;
UPDATE cuenta SET ID_TipCuenta = 2 WHERE account_id = 272;
UPDATE cuenta SET ID_TipCuenta = 1 WHERE account_id = 273;
UPDATE cuenta SET ID_TipCuenta = 2 WHERE account_id = 274;
UPDATE cuenta SET ID_TipCuenta = 1 WHERE account_id = 275;
UPDATE cuenta SET ID_TipCuenta = 3 WHERE account_id = 276;
UPDATE cuenta SET ID_TipCuenta = 2 WHERE account_id = 277;
UPDATE cuenta SET ID_TipCuenta = 2 WHERE account_id = 278;
UPDATE cuenta SET ID_TipCuenta = 2 WHERE account_id = 279;
UPDATE cuenta SET ID_TipCuenta = 2 WHERE account_id = 280;
UPDATE cuenta SET ID_TipCuenta = 2 WHERE account_id = 281;
UPDATE cuenta SET ID_TipCuenta = 3 WHERE account_id = 282;
UPDATE cuenta SET ID_TipCuenta = 1 WHERE account_id = 283;
UPDATE cuenta SET ID_TipCuenta = 2 WHERE account_id = 284;
UPDATE cuenta SET ID_TipCuenta = 2 WHERE account_id = 285;
UPDATE cuenta SET ID_TipCuenta = 1 WHERE account_id = 286;
UPDATE cuenta SET ID_TipCuenta = 3 WHERE account_id = 287;
UPDATE cuenta SET ID_TipCuenta = 2 WHERE account_id = 288;
UPDATE cuenta SET ID_TipCuenta = 3 WHERE account_id = 289;
UPDATE cuenta SET ID_TipCuenta = 2 WHERE account_id = 290;
UPDATE cuenta SET ID_TipCuenta = 3 WHERE account_id = 291;
UPDATE cuenta SET ID_TipCuenta = 2 WHERE account_id = 292;
UPDATE cuenta SET ID_TipCuenta = 3 WHERE account_id = 293;
UPDATE cuenta SET ID_TipCuenta = 3 WHERE account_id = 294;
UPDATE cuenta SET ID_TipCuenta = 3 WHERE account_id = 295;
UPDATE cuenta SET ID_TipCuenta = 2 WHERE account_id = 296;
UPDATE cuenta SET ID_TipCuenta = 2 WHERE account_id = 297;
UPDATE cuenta SET ID_TipCuenta = 2 WHERE account_id = 298;
UPDATE cuenta SET ID_TipCuenta = 1 WHERE account_id = 299;
UPDATE cuenta SET ID_TipCuenta = 2 WHERE account_id = 300;
UPDATE cuenta SET ID_TipCuenta = 3 WHERE account_id = 301;
UPDATE cuenta SET ID_TipCuenta = 2 WHERE account_id = 302;
UPDATE cuenta SET ID_TipCuenta = 2 WHERE account_id = 303;
UPDATE cuenta SET ID_TipCuenta = 3 WHERE account_id = 304;
UPDATE cuenta SET ID_TipCuenta = 3 WHERE account_id = 305;
UPDATE cuenta SET ID_TipCuenta = 2 WHERE account_id = 306;
UPDATE cuenta SET ID_TipCuenta = 2 WHERE account_id = 307;
UPDATE cuenta SET ID_TipCuenta = 1 WHERE account_id = 308;
UPDATE cuenta SET ID_TipCuenta = 2 WHERE account_id = 309;
UPDATE cuenta SET ID_TipCuenta = 2 WHERE account_id = 310;
UPDATE cuenta SET ID_TipCuenta = 2 WHERE account_id = 311;
UPDATE cuenta SET ID_TipCuenta = 2 WHERE account_id = 312;
UPDATE cuenta SET ID_TipCuenta = 1 WHERE account_id = 313;
UPDATE cuenta SET ID_TipCuenta = 2 WHERE account_id = 314;
UPDATE cuenta SET ID_TipCuenta = 3 WHERE account_id = 315;
UPDATE cuenta SET ID_TipCuenta = 3 WHERE account_id = 316;
UPDATE cuenta SET ID_TipCuenta = 3 WHERE account_id = 317;
UPDATE cuenta SET ID_TipCuenta = 2 WHERE account_id = 318;
UPDATE cuenta SET ID_TipCuenta = 2 WHERE account_id = 319;
UPDATE cuenta SET ID_TipCuenta = 2 WHERE account_id = 320;
UPDATE cuenta SET ID_TipCuenta = 3 WHERE account_id = 321;
UPDATE cuenta SET ID_TipCuenta = 2 WHERE account_id = 322;
UPDATE cuenta SET ID_TipCuenta = 1 WHERE account_id = 323;
UPDATE cuenta SET ID_TipCuenta = 2 WHERE account_id = 324;
UPDATE cuenta SET ID_TipCuenta = 2 WHERE account_id = 325;
UPDATE cuenta SET ID_TipCuenta = 3 WHERE account_id = 326;
UPDATE cuenta SET ID_TipCuenta = 3 WHERE account_id = 327;
UPDATE cuenta SET ID_TipCuenta = 2 WHERE account_id = 328;
UPDATE cuenta SET ID_TipCuenta = 3 WHERE account_id = 329;
UPDATE cuenta SET ID_TipCuenta = 2 WHERE account_id = 330;
UPDATE cuenta SET ID_TipCuenta = 2 WHERE account_id = 331;
UPDATE cuenta SET ID_TipCuenta = 2 WHERE account_id = 332;
UPDATE cuenta SET ID_TipCuenta = 3 WHERE account_id = 333;
UPDATE cuenta SET ID_TipCuenta = 2 WHERE account_id = 334;
UPDATE cuenta SET ID_TipCuenta = 3 WHERE account_id = 335;
UPDATE cuenta SET ID_TipCuenta = 2 WHERE account_id = 336;
UPDATE cuenta SET ID_TipCuenta = 2 WHERE account_id = 337;
UPDATE cuenta SET ID_TipCuenta = 2 WHERE account_id = 338;
UPDATE cuenta SET ID_TipCuenta = 3 WHERE account_id = 339;
UPDATE cuenta SET ID_TipCuenta = 2 WHERE account_id = 340;
UPDATE cuenta SET ID_TipCuenta = 2 WHERE account_id = 341;
UPDATE cuenta SET ID_TipCuenta = 2 WHERE account_id = 342;
UPDATE cuenta SET ID_TipCuenta = 2 WHERE account_id = 343;
UPDATE cuenta SET ID_TipCuenta = 2 WHERE account_id = 344;
UPDATE cuenta SET ID_TipCuenta = 2 WHERE account_id = 345;
UPDATE cuenta SET ID_TipCuenta = 1 WHERE account_id = 346;
UPDATE cuenta SET ID_TipCuenta = 2 WHERE account_id = 347;
UPDATE cuenta SET ID_TipCuenta = 2 WHERE account_id = 348;
UPDATE cuenta SET ID_TipCuenta = 2 WHERE account_id = 349;
UPDATE cuenta SET ID_TipCuenta = 2 WHERE account_id = 350;
UPDATE cuenta SET ID_TipCuenta = 1 WHERE account_id = 351;
UPDATE cuenta SET ID_TipCuenta = 1 WHERE account_id = 352;
UPDATE cuenta SET ID_TipCuenta = 2 WHERE account_id = 353;
UPDATE cuenta SET ID_TipCuenta = 2 WHERE account_id = 354;
UPDATE cuenta SET ID_TipCuenta = 1 WHERE account_id = 355;
UPDATE cuenta SET ID_TipCuenta = 3 WHERE account_id = 356;
UPDATE cuenta SET ID_TipCuenta = 2 WHERE account_id = 357;
UPDATE cuenta SET ID_TipCuenta = 1 WHERE account_id = 358;
UPDATE cuenta SET ID_TipCuenta = 2 WHERE account_id = 359;
UPDATE cuenta SET ID_TipCuenta = 1 WHERE account_id = 360;
UPDATE cuenta SET ID_TipCuenta = 3 WHERE account_id = 361;
UPDATE cuenta SET ID_TipCuenta = 3 WHERE account_id = 362;
UPDATE cuenta SET ID_TipCuenta = 2 WHERE account_id = 363;
UPDATE cuenta SET ID_TipCuenta = 2 WHERE account_id = 364;
UPDATE cuenta SET ID_TipCuenta = 2 WHERE account_id = 365;
UPDATE cuenta SET ID_TipCuenta = 1 WHERE account_id = 366;
UPDATE cuenta SET ID_TipCuenta = 1 WHERE account_id = 367;
UPDATE cuenta SET ID_TipCuenta = 2 WHERE account_id = 368;
UPDATE cuenta SET ID_TipCuenta = 1 WHERE account_id = 369;
UPDATE cuenta SET ID_TipCuenta = 2 WHERE account_id = 370;
UPDATE cuenta SET ID_TipCuenta = 3 WHERE account_id = 371;
UPDATE cuenta SET ID_TipCuenta = 2 WHERE account_id = 372;
UPDATE cuenta SET ID_TipCuenta = 1 WHERE account_id = 373;
UPDATE cuenta SET ID_TipCuenta = 2 WHERE account_id = 374;
UPDATE cuenta SET ID_TipCuenta = 1 WHERE account_id = 375;
UPDATE cuenta SET ID_TipCuenta = 1 WHERE account_id = 376;
UPDATE cuenta SET ID_TipCuenta = 2 WHERE account_id = 377;
UPDATE cuenta SET ID_TipCuenta = 2 WHERE account_id = 378;
UPDATE cuenta SET ID_TipCuenta = 2 WHERE account_id = 379;
UPDATE cuenta SET ID_TipCuenta = 2 WHERE account_id = 380;
UPDATE cuenta SET ID_TipCuenta = 1 WHERE account_id = 381;
UPDATE cuenta SET ID_TipCuenta = 3 WHERE account_id = 382;
UPDATE cuenta SET ID_TipCuenta = 2 WHERE account_id = 383;
UPDATE cuenta SET ID_TipCuenta = 2 WHERE account_id = 384;
UPDATE cuenta SET ID_TipCuenta = 3 WHERE account_id = 385;
UPDATE cuenta SET ID_TipCuenta = 1 WHERE account_id = 386;
UPDATE cuenta SET ID_TipCuenta = 2 WHERE account_id = 387;
UPDATE cuenta SET ID_TipCuenta = 3 WHERE account_id = 388;
UPDATE cuenta SET ID_TipCuenta = 3 WHERE account_id = 389;
UPDATE cuenta SET ID_TipCuenta = 3 WHERE account_id = 390;
UPDATE cuenta SET ID_TipCuenta = 2 WHERE account_id = 391;
UPDATE cuenta SET ID_TipCuenta = 2 WHERE account_id = 392;
UPDATE cuenta SET ID_TipCuenta = 2 WHERE account_id = 393;
UPDATE cuenta SET ID_TipCuenta = 2 WHERE account_id = 394;
UPDATE cuenta SET ID_TipCuenta = 2 WHERE account_id = 395;
UPDATE cuenta SET ID_TipCuenta = 2 WHERE account_id = 396;
UPDATE cuenta SET ID_TipCuenta = 1 WHERE account_id = 397;
UPDATE cuenta SET ID_TipCuenta = 3 WHERE account_id = 398;
UPDATE cuenta SET ID_TipCuenta = 2 WHERE account_id = 399;
UPDATE cuenta SET ID_TipCuenta = 2 WHERE account_id = 400;
UPDATE cuenta SET ID_TipCuenta = 2 WHERE account_id = 401;
UPDATE cuenta SET ID_TipCuenta = 2 WHERE account_id = 402;
UPDATE cuenta SET ID_TipCuenta = 2 WHERE account_id = 403;
UPDATE cuenta SET ID_TipCuenta = 3 WHERE account_id = 404;
UPDATE cuenta SET ID_TipCuenta = 1 WHERE account_id = 405;
UPDATE cuenta SET ID_TipCuenta = 2 WHERE account_id = 406;
UPDATE cuenta SET ID_TipCuenta = 1 WHERE account_id = 407;
UPDATE cuenta SET ID_TipCuenta = 2 WHERE account_id = 408;
UPDATE cuenta SET ID_TipCuenta = 2 WHERE account_id = 409;
UPDATE cuenta SET ID_TipCuenta = 2 WHERE account_id = 410;
UPDATE cuenta SET ID_TipCuenta = 2 WHERE account_id = 411;
UPDATE cuenta SET ID_TipCuenta = 3 WHERE account_id = 412;
UPDATE cuenta SET ID_TipCuenta = 2 WHERE account_id = 413;
UPDATE cuenta SET ID_TipCuenta = 2 WHERE account_id = 414;
UPDATE cuenta SET ID_TipCuenta = 2 WHERE account_id = 415;
UPDATE cuenta SET ID_TipCuenta = 3 WHERE account_id = 416;
UPDATE cuenta SET ID_TipCuenta = 2 WHERE account_id = 417;
UPDATE cuenta SET ID_TipCuenta = 2 WHERE account_id = 418;
UPDATE cuenta SET ID_TipCuenta = 3 WHERE account_id = 419;
UPDATE cuenta SET ID_TipCuenta = 2 WHERE account_id = 420;
UPDATE cuenta SET ID_TipCuenta = 2 WHERE account_id = 421;
UPDATE cuenta SET ID_TipCuenta = 3 WHERE account_id = 422;
UPDATE cuenta SET ID_TipCuenta = 2 WHERE account_id = 423;
UPDATE cuenta SET ID_TipCuenta = 1 WHERE account_id = 424;
UPDATE cuenta SET ID_TipCuenta = 2 WHERE account_id = 425;
UPDATE cuenta SET ID_TipCuenta = 2 WHERE account_id = 426;
UPDATE cuenta SET ID_TipCuenta = 3 WHERE account_id = 427;
UPDATE cuenta SET ID_TipCuenta = 2 WHERE account_id = 428;
UPDATE cuenta SET ID_TipCuenta = 2 WHERE account_id = 429;
UPDATE cuenta SET ID_TipCuenta = 2 WHERE account_id = 430;
UPDATE cuenta SET ID_TipCuenta = 3 WHERE account_id = 431;
UPDATE cuenta SET ID_TipCuenta = 2 WHERE account_id = 432;
UPDATE cuenta SET ID_TipCuenta = 2 WHERE account_id = 433;
UPDATE cuenta SET ID_TipCuenta = 2 WHERE account_id = 434;
UPDATE cuenta SET ID_TipCuenta = 2 WHERE account_id = 435;
UPDATE cuenta SET ID_TipCuenta = 2 WHERE account_id = 436;
UPDATE cuenta SET ID_TipCuenta = 1 WHERE account_id = 437;
UPDATE cuenta SET ID_TipCuenta = 2 WHERE account_id = 438;
UPDATE cuenta SET ID_TipCuenta = 2 WHERE account_id = 439;
UPDATE cuenta SET ID_TipCuenta = 2 WHERE account_id = 440;
UPDATE cuenta SET ID_TipCuenta = 2 WHERE account_id = 441;
UPDATE cuenta SET ID_TipCuenta = 1 WHERE account_id = 442;
UPDATE cuenta SET ID_TipCuenta = 1 WHERE account_id = 443;
UPDATE cuenta SET ID_TipCuenta = 2 WHERE account_id = 444;
UPDATE cuenta SET ID_TipCuenta = 3 WHERE account_id = 445;
UPDATE cuenta SET ID_TipCuenta = 1 WHERE account_id = 446;
UPDATE cuenta SET ID_TipCuenta = 2 WHERE account_id = 447;
UPDATE cuenta SET ID_TipCuenta = 2 WHERE account_id = 448;
UPDATE cuenta SET ID_TipCuenta = 1 WHERE account_id = 449;
UPDATE cuenta SET ID_TipCuenta = 2 WHERE account_id = 450;
UPDATE cuenta SET ID_TipCuenta = 3 WHERE account_id = 451;
UPDATE cuenta SET ID_TipCuenta = 1 WHERE account_id = 452;
UPDATE cuenta SET ID_TipCuenta = 2 WHERE account_id = 453;
UPDATE cuenta SET ID_TipCuenta = 3 WHERE account_id = 454;
UPDATE cuenta SET ID_TipCuenta = 2 WHERE account_id = 455;
UPDATE cuenta SET ID_TipCuenta = 2 WHERE account_id = 456;
UPDATE cuenta SET ID_TipCuenta = 1 WHERE account_id = 457;
UPDATE cuenta SET ID_TipCuenta = 2 WHERE account_id = 458;
UPDATE cuenta SET ID_TipCuenta = 1 WHERE account_id = 459;
UPDATE cuenta SET ID_TipCuenta = 1 WHERE account_id = 460;
UPDATE cuenta SET ID_TipCuenta = 3 WHERE account_id = 461;
UPDATE cuenta SET ID_TipCuenta = 2 WHERE account_id = 462;
UPDATE cuenta SET ID_TipCuenta = 2 WHERE account_id = 463;
UPDATE cuenta SET ID_TipCuenta = 3 WHERE account_id = 464;
UPDATE cuenta SET ID_TipCuenta = 3 WHERE account_id = 465;
UPDATE cuenta SET ID_TipCuenta = 3 WHERE account_id = 466;
UPDATE cuenta SET ID_TipCuenta = 3 WHERE account_id = 467;
UPDATE cuenta SET ID_TipCuenta = 2 WHERE account_id = 468;
UPDATE cuenta SET ID_TipCuenta = 1 WHERE account_id = 469;
UPDATE cuenta SET ID_TipCuenta = 2 WHERE account_id = 470;
UPDATE cuenta SET ID_TipCuenta = 1 WHERE account_id = 471;
UPDATE cuenta SET ID_TipCuenta = 1 WHERE account_id = 472;
UPDATE cuenta SET ID_TipCuenta = 1 WHERE account_id = 473;
UPDATE cuenta SET ID_TipCuenta = 2 WHERE account_id = 474;
UPDATE cuenta SET ID_TipCuenta = 2 WHERE account_id = 475;
UPDATE cuenta SET ID_TipCuenta = 3 WHERE account_id = 476;
UPDATE cuenta SET ID_TipCuenta = 2 WHERE account_id = 477;
UPDATE cuenta SET ID_TipCuenta = 3 WHERE account_id = 478;
UPDATE cuenta SET ID_TipCuenta = 2 WHERE account_id = 479;
UPDATE cuenta SET ID_TipCuenta = 2 WHERE account_id = 480;
UPDATE cuenta SET ID_TipCuenta = 3 WHERE account_id = 481;
UPDATE cuenta SET ID_TipCuenta = 2 WHERE account_id = 482;
UPDATE cuenta SET ID_TipCuenta = 2 WHERE account_id = 483;
UPDATE cuenta SET ID_TipCuenta = 1 WHERE account_id = 484;
UPDATE cuenta SET ID_TipCuenta = 1 WHERE account_id = 485;
UPDATE cuenta SET ID_TipCuenta = 2 WHERE account_id = 486;
UPDATE cuenta SET ID_TipCuenta = 1 WHERE account_id = 487;
UPDATE cuenta SET ID_TipCuenta = 2 WHERE account_id = 488;
UPDATE cuenta SET ID_TipCuenta = 1 WHERE account_id = 489;
UPDATE cuenta SET ID_TipCuenta = 2 WHERE account_id = 490;
UPDATE cuenta SET ID_TipCuenta = 3 WHERE account_id = 491;
UPDATE cuenta SET ID_TipCuenta = 2 WHERE account_id = 492;
UPDATE cuenta SET ID_TipCuenta = 1 WHERE account_id = 493;
UPDATE cuenta SET ID_TipCuenta = 3 WHERE account_id = 494;
UPDATE cuenta SET ID_TipCuenta = 2 WHERE account_id = 495;
UPDATE cuenta SET ID_TipCuenta = 2 WHERE account_id = 496;
UPDATE cuenta SET ID_TipCuenta = 2 WHERE account_id = 497;
UPDATE cuenta SET ID_TipCuenta = 2 WHERE account_id = 498;
UPDATE cuenta SET ID_TipCuenta = 1 WHERE account_id = 499;
UPDATE cuenta SET ID_TipCuenta = 3 WHERE account_id = 500;

  
UPDATE empleado
SET employee_hire_date = substr(employee_hire_date, 7, 4) || '-' || substr(employee_hire_date, 4, 2) || '-' || substr(employee_hire_date, 1, 2);
  
  
  --Crear un trigger que después de actualizar en la tabla cuentas los campos balance, IBAN o tipo de cuenta registre en la tabla auditoria

CREATE TABLE auditoria_cuenta (
    old_id INT,
    new_id INT,
    old_balance DECIMAL(10,2),
    new_balance DECIMAL(10,2),
    old_iban VARCHAR(30),
    new_iban VARCHAR(30),
    old_type VARCHAR(20),
    new_type VARCHAR(20),
    user_action VARCHAR(50),
    created_at TIMESTAMP
);

CREATE TRIGGER after_cuenta_update2
AFTER UPDATE ON cuenta
FOR EACH ROW
BEGIN
    INSERT INTO auditoria_cuenta (old_id, new_id, old_balance, new_balance, old_iban, new_iban, old_type, new_type, user_action, created_at)
    VALUES (OLD.id, NEW.id, OLD.balance, NEW.balance, OLD.iban, NEW.iban, OLD.type, NEW.type, 'UPDATE', NOW());
END;

-- Restar $100 a las cuentas 10,11,12,13,14 -- NO LO TERMINAMOS

UPDATE cuenta
SET balance = balance - 100 
WHERE id IN (10, 11, 12, 13, 14);

--Mediante índices mejorar la performance la búsqueda de clientes por DNI

CREATE TRIGGER after_cuenta_update3
AFTER UPDATE ON cuenta
FOR EACH ROW
BEGIN
    
    IF NEW.id IN (10, 11, 12, 13, 14) THEN
        SET NEW.balance = NEW.balance - 100;
    END IF;

   
    INSERT INTO auditoria_cuenta (old_id, new_id, old_balance, new_balance, old_iban, new_iban, old_type, new_type, user_action, created_at)
    VALUES (OLD.id, NEW.id, OLD.balance, NEW.balance, OLD.iban, NEW.iban, OLD.type, NEW.type, 'UPDATE', NOW());
END;


-- Crear la tabla “movimientos” con los campos de identificación del movimiento, número de cuenta, monto, tipo de operación y hora -- NO LO TERMIANMOS

CREATE TABLE movimientos (
    monto INT,
    hora VARCHAR(50),
    tipo_de_operacion TEXT,
    PRIMARY KEY (id_movimiento),
    FOREIGN KEY (account_id)
        REFERENCES cuenta (account_id) 
);
ESTO ES LO QUE HICIMOS DE NUEVO HOY, HAY QUE AGREGARLO AL REPO O AL ARCHIVO QUE VAYAMOS A ENTREGAR
  
  
  